publishedAt,author
2021-09-09T16:33:26Z,Jon Fingas
2021-09-01T19:52:45Z,Devindra Hardawar
2021-09-07T13:15:23Z,Valentina Palladino
2021-09-06T19:12:34Z,Kris Holt
2021-08-19T12:29:54Z,Saqib Shah
2021-09-08T15:00:18Z,Kris Holt
2021-09-10T22:45:31Z,Cherlynn Low
2021-08-28T04:37:07Z,Mariella Moon
2021-09-02T12:53:14Z,Valentina Palladino
2021-08-27T20:49:09Z,Dana Wollman
2021-08-23T13:00:00Z,Decca Muldowney
2021-08-19T18:44:13Z,Catie Keck
2021-08-27T14:39:28Z,Antonio G. Di Benedetto
2021-09-07T22:20:00Z,Dharna Noor
2021-08-20T15:50:10Z,Valentina Palladino
2021-08-25T19:39:06Z,Jay Peters
2021-09-04T14:44:48Z,Jon Fingas
2021-09-10T16:25:45Z,Valentina Palladino
2021-08-17T16:51:18Z,Kris Holt
2021-08-16T13:30:14Z,Valentina Palladino
