"","date","publisher","title"
"1","2021-09-13T14:46:33Z","Kim Lyons","Litecoin price jumps 20 percent after hoax links the cryptocurrency and Walmart"
"2","2021-09-09T00:39:05Z","Alyssa Lukpat","Loveland, Colo., to Pay $3 Million to Woman With Dementia Who Was Arrested"
"3","2021-08-28T07:00:09Z","Miriam Jordan","From Kabul Airport to a Houston Walmart: ‘Desperate to Get to America’"
"4","2021-08-24T10:19:59Z","Paul R. La Monica, CNN Business","Kroger's stock is at a record high"
"5","2021-08-27T20:49:09Z","Dana Wollman","Amazon is working on a buy-now-pay-later option"
"6","2021-09-13T20:18:00Z","http://www.facebook.com/kitconews","Crypto pump-and-dump uses Litecoin and Walmart to dupe investors - Kitco NEWS"
"7","2021-08-16T14:46:29Z","Entrepreneur Staff","Walmart Taking a Big Step Toward Cryptocurrency"
"8","2021-08-26T13:32:31Z","Cameron Faulkner","Acer’s stellar 2-in-1 Chromebook Spin 713 is $200 off at Best Buy"
"9","2021-09-03T10:04:49Z","Thomas Ricker","Philips Hue smart LED bulbs now have more competition from Philips Smart LED bulbs"
"10","2021-09-02T13:54:53Z","Manisha Chatterjee","Is Walmart Stock a Buy Under $150"
"11","2021-08-17T18:06:00Z","Reuters","Walmart plays both end of the trade - Reuters"
"12","2021-09-02T09:18:00Z","Una Galani","Walmart lifts lid on good, ugly of India payments - Reuters"
"13","2021-09-13T19:39:14Z","Reuters Editorial","Walmart says litecoin hook-up announcement a fake - Reuters.com"
"14","2021-08-25T13:03:00Z","Richa Naidu,Sheila Dang","Walmart's media arm to offer brands a tool to help manage digital ads - Reuters"
"15","2021-09-13T15:05:50Z","Samuel Contreras","T-Mobile and Metro by T-Mobile are coming to 2,300 Walmart retail locations"
"16","2021-08-17T11:02:00Z","Reuters","Walmart beats U.S. sales estimates on back-to-school demand, raises forecast - Reuters"
"17","2021-09-09T15:00:52Z","Nathaniel Meyersohn, CNN Business","Amazon offers to pay college tuition for most US workers"
"18","2021-08-19T12:29:54Z","Saqib Shah","Amazon is reportedly planning to open mini department stores"
"19","2021-09-07T21:04:31Z","Subhasree Kar","eBay vs. Walmart: Which Stock is a Better Investment?"
"20","2021-08-16T17:25:00Z","msmash","Walmart Seeks Crypto Expert To Oversee Digital Currency Push"
